click_id,is_attributed
0,1.00000
1,1.00000
2,1.00000
3,1.00000
4,1.00000
5,1.00000
6,1.00000
7,1.00000
9,1.00000
8,1.00000
10,1.00000
11,1.00000
12,1.00000
13,1.00000
14,1.00000
15,1.00000
16,1.00000
20,1.00000
19,1.00000
17,1.00000
18,1.00000
21,1.00000
22,1.00000
23,1.00000
24,1.00000
25,1.00000
26,1.00000
27,1.00000
28,1.00000
29,1.00000
30,1.00000
31,1.00000
32,1.00000
33,1.00000
34,1.00000
35,1.00000
36,1.00000
37,1.00000
38,1.00000
39,1.00000
40,1.00000
41,1.00000
42,1.00000
43,1.00000
44,1.00000
45,1.00000
46,1.00000
47,1.00000
48,1.00000
49,1.00000
50,1.00000
51,1.00000
53,1.00000
52,1.00000
54,1.00000
55,1.00000
56,1.00000
57,1.00000
58,1.00000
59,1.00000
60,1.00000
61,1.00000
62,1.00000
63,1.00000
64,1.00000
65,1.00000
66,1.00000
67,1.00000
68,1.00000
69,1.00000
71,1.00000
70,1.00000
72,1.00000
73,1.00000
74,1.00000
75,1.00000
76,1.00000
77,1.00000
78,1.00000
79,1.00000
80,1.00000
81,1.00000
82,1.00000
83,1.00000
84,1.00000
85,1.00000
86,1.00000
87,1.00000
88,1.00000
89,1.00000
90,1.00000
91,1.00000
92,1.00000
93,1.00000
94,1.00000
95,1.00000
96,1.00000
97,1.00000
98,1.00000
99,1.00000
100,1.00000
101,1.00000
102,1.00000
103,1.00000
104,1.00000
105,1.00000
106,1.00000
107,1.00000
108,1.00000
109,1.00000
110,1.00000
111,1.00000
112,1.00000
113,1.00000
114,1.00000
115,1.00000
116,1.00000
117,1.00000
118,1.00000
119,1.00000
120,1.00000
121,1.00000
122,1.00000
123,1.00000
124,1.00000
125,1.00000
126,1.00000
127,1.00000
128,1.00000
129,1.00000
130,1.00000
131,1.00000
132,1.00000
133,1.00000
134,1.00000
135,1.00000
136,1.00000
137,1.00000
138,1.00000
139,1.00000
140,1.00000
141,1.00000
142,1.00000
143,1.00000
144,1.00000
145,1.00000
146,1.00000
147,1.00000
148,1.00000
149,1.00000
154,1.00000
153,1.00000
150,1.00000
151,1.00000
152,1.00000
155,1.00000
156,1.00000
157,1.00000
158,1.00000
159,1.00000
160,1.00000
161,1.00000
162,1.00000
163,1.00000
164,1.00000
165,1.00000
166,1.00000
167,1.00000
170,1.00000
168,1.00000
169,1.00000
171,1.00000
172,1.00000
173,1.00000
174,1.00000
175,1.00000
177,1.00000
176,1.00000
178,1.00000
179,1.00000
180,1.00000
181,1.00000
182,1.00000
183,1.00000
184,1.00000
185,1.00000
186,1.00000
187,1.00000
188,1.00000
189,1.00000
190,1.00000
191,1.00000
192,1.00000
194,1.00000
193,1.00000
195,1.00000
196,1.00000
197,1.00000
198,1.00000
199,1.00000
200,1.00000
201,1.00000
202,1.00000
203,1.00000
204,1.00000
205,1.00000
206,1.00000
207,1.00000
208,1.00000
209,1.00000
210,1.00000
211,1.00000
212,1.00000
213,1.00000
214,1.00000
215,1.00000
216,1.00000
217,1.00000
218,1.00000
219,1.00000
220,1.00000
221,1.00000
222,1.00000
223,1.00000
224,1.00000
225,1.00000
226,1.00000
227,1.00000
228,1.00000
230,1.00000
229,1.00000
231,1.00000
232,1.00000
233,1.00000
234,1.00000
235,1.00000
236,1.00000
237,1.00000
239,1.00000
238,1.00000
240,1.00000
241,1.00000
242,1.00000
243,1.00000
244,1.00000
245,1.00000
246,1.00000
247,1.00000
249,1.00000
248,1.00000
250,1.00000
251,1.00000
252,1.00000
253,1.00000
254,1.00000
255,1.00000
256,1.00000
257,1.00000
258,1.00000
259,1.00000
260,1.00000
261,1.00000
262,1.00000
263,1.00000
264,1.00000
265,1.00000
266,1.00000
267,1.00000
268,1.00000
269,1.00000
270,1.00000
271,1.00000
272,1.00000
273,1.00000
275,1.00000
274,1.00000
276,1.00000
277,1.00000
278,1.00000
279,1.00000
282,1.00000
280,1.00000
281,1.00000
283,1.00000
285,1.00000
284,1.00000
286,1.00000
287,1.00000
288,1.00000
289,1.00000
290,1.00000
291,1.00000
292,1.00000
293,1.00000
295,1.00000
294,1.00000
296,1.00000
297,1.00000
298,1.00000
299,1.00000
300,1.00000
301,1.00000
302,1.00000
304,1.00000
303,1.00000
305,1.00000
306,1.00000
307,1.00000
308,1.00000
309,1.00000
310,1.00000
311,1.00000
312,1.00000
314,1.00000
313,1.00000
315,1.00000
316,1.00000
317,1.00000
318,1.00000
319,1.00000
320,1.00000
322,1.00000
321,1.00000
323,1.00000
324,1.00000
325,1.00000
326,1.00000
327,1.00000
328,1.00000
329,1.00000
330,1.00000
331,1.00000
332,1.00000
333,1.00000
334,1.00000
335,1.00000
336,1.00000
337,1.00000
338,1.00000
340,1.00000
339,1.00000
341,1.00000
342,1.00000
343,1.00000
344,1.00000
345,1.00000
346,1.00000
347,1.00000
348,1.00000
349,1.00000
350,1.00000
351,1.00000
352,1.00000
353,1.00000
355,1.00000
354,1.00000
356,1.00000
358,1.00000
357,1.00000
359,1.00000
360,1.00000
361,1.00000
362,1.00000
363,1.00000
364,1.00000
365,1.00000
366,1.00000
367,1.00000
368,1.00000
369,1.00000
370,1.00000
371,1.00000
372,1.00000
373,1.00000
374,1.00000
375,1.00000
376,1.00000
377,1.00000
378,1.00000
379,1.00000
380,1.00000
381,1.00000
382,1.00000
383,1.00000
384,1.00000
385,1.00000
386,1.00000
387,1.00000
388,1.00000
389,1.00000
390,1.00000
392,1.00000
391,1.00000
393,1.00000
394,1.00000
395,1.00000
396,1.00000
397,1.00000
398,1.00000
399,1.00000
400,1.00000
401,1.00000
402,1.00000
403,1.00000
404,1.00000
405,1.00000
406,1.00000
407,1.00000
408,1.00000
409,1.00000
410,1.00000
411,1.00000
412,1.00000
413,1.00000
414,1.00000
415,1.00000
416,1.00000
417,1.00000
418,1.00000
419,1.00000
420,1.00000
421,1.00000
422,1.00000
423,1.00000
424,1.00000
426,1.00000
425,1.00000
427,1.00000
431,1.00000
430,1.00000
428,1.00000
429,1.00000
432,1.00000
433,1.00000
434,1.00000
435,1.00000
436,1.00000
437,1.00000
438,1.00000
439,1.00000
440,1.00000
441,1.00000
442,1.00000
443,1.00000
444,1.00000
445,1.00000
446,1.00000
447,1.00000
448,1.00000
449,1.00000
450,1.00000
451,1.00000
452,1.00000
453,1.00000
454,1.00000
455,1.00000
456,1.00000
457,1.00000
458,1.00000
459,1.00000
460,1.00000
461,1.00000
462,1.00000
463,1.00000
465,1.00000
464,1.00000
466,1.00000
467,1.00000
468,1.00000
469,1.00000
470,1.00000
471,1.00000
472,1.00000
473,1.00000
474,1.00000
475,1.00000
476,1.00000
477,1.00000
478,1.00000
479,1.00000
480,1.00000
481,1.00000
482,1.00000
483,1.00000
484,1.00000
485,1.00000
486,1.00000
487,1.00000
488,1.00000
489,1.00000
490,1.00000
491,1.00000
492,1.00000
493,1.00000
494,1.00000
495,1.00000
496,1.00000
497,1.00000
499,1.00000
498,1.00000
500,1.00000
501,1.00000
502,1.00000
503,1.00000
504,1.00000
505,1.00000
506,1.00000
507,1.00000
508,1.00000
509,1.00000
510,1.00000
511,1.00000
512,1.00000
513,1.00000
514,1.00000
517,1.00000
516,1.00000
515,1.00000
518,1.00000
519,1.00000
520,1.00000
521,1.00000
522,1.00000
523,1.00000
524,1.00000
525,1.00000
526,1.00000
527,1.00000
528,1.00000
529,1.00000
530,1.00000
531,1.00000
532,1.00000
533,1.00000
534,1.00000
535,1.00000
536,1.00000
537,1.00000
538,1.00000
539,1.00000
540,1.00000
541,1.00000
542,1.00000
543,1.00000
544,1.00000
545,1.00000
546,1.00000
547,1.00000
548,1.00000
549,1.00000
551,1.00000
550,1.00000
552,1.00000
553,1.00000
554,1.00000
555,1.00000
556,1.00000
557,1.00000
558,1.00000
559,1.00000
560,1.00000
561,1.00000
562,1.00000
563,1.00000
564,1.00000
565,1.00000
566,1.00000
567,1.00000
568,1.00000
570,1.00000
569,1.00000
571,1.00000
572,1.00000
573,1.00000
574,1.00000
575,1.00000
576,1.00000
577,1.00000
578,1.00000
579,1.00000
580,1.00000
581,1.00000
582,1.00000
583,1.00000
584,1.00000
585,1.00000
586,1.00000
587,1.00000
588,1.00000
589,1.00000
590,1.00000
591,1.00000
592,1.00000
593,1.00000
594,1.00000
595,1.00000
596,1.00000
597,1.00000
598,1.00000
599,1.00000
600,1.00000
601,1.00000
602,1.00000
603,1.00000
604,1.00000
607,1.00000
606,1.00000
605,1.00000
608,1.00000
609,1.00000
610,1.00000
611,1.00000
612,1.00000
613,1.00000
614,1.00000
615,1.00000
616,1.00000
617,1.00000
618,1.00000
619,1.00000
620,1.00000
621,1.00000
622,1.00000
623,1.00000
624,1.00000
625,1.00000
626,1.00000
627,1.00000
628,1.00000
629,1.00000
630,1.00000
631,1.00000
632,1.00000
633,1.00000
634,1.00000
635,1.00000
636,1.00000
637,1.00000
638,1.00000
639,1.00000
642,1.00000
643,1.00000
640,1.00000
641,1.00000
644,1.00000
645,1.00000
646,1.00000
647,1.00000
648,1.00000
649,1.00000
650,1.00000
651,1.00000
652,1.00000
653,1.00000
654,1.00000
655,1.00000
656,1.00000
657,1.00000
658,1.00000
660,1.00000
659,1.00000
661,1.00000
662,1.00000
663,1.00000
664,1.00000
665,1.00000
666,1.00000
667,1.00000
668,1.00000
670,1.00000
669,1.00000
671,1.00000
672,1.00000
673,1.00000
674,1.00000
675,1.00000
676,1.00000
677,1.00000
679,1.00000
678,1.00000
680,1.00000
681,1.00000
682,1.00000
683,1.00000
684,1.00000
685,1.00000
686,1.00000
687,1.00000
688,1.00000
689,1.00000
690,1.00000
691,1.00000
692,1.00000
693,1.00000
694,1.00000
695,1.00000
696,1.00000
697,1.00000
698,1.00000
699,1.00000
700,1.00000
701,1.00000
702,1.00000
703,1.00000
704,1.00000
705,1.00000
707,1.00000
706,1.00000
708,1.00000
709,1.00000
710,1.00000
711,1.00000
712,1.00000
713,1.00000
716,1.00000
715,1.00000
714,1.00000
717,1.00000
718,1.00000
719,1.00000
720,1.00000
721,1.00000
722,1.00000
723,1.00000
724,1.00000
725,1.00000
726,1.00000
727,1.00000
728,1.00000
729,1.00000
730,1.00000
731,1.00000
732,1.00000
733,1.00000
734,1.00000
735,1.00000
736,1.00000
737,1.00000
738,1.00000
739,1.00000
740,1.00000
741,1.00000
742,1.00000
743,1.00000
744,1.00000
745,1.00000
746,1.00000
747,1.00000
748,1.00000
749,1.00000
750,1.00000
751,1.00000
752,1.00000
753,1.00000
754,1.00000
755,1.00000
756,1.00000
757,1.00000
759,1.00000
758,1.00000
760,1.00000
761,1.00000
762,1.00000
763,1.00000
764,1.00000
765,1.00000
767,1.00000
766,1.00000
770,1.00000
768,1.00000
769,1.00000
771,1.00000
772,1.00000
773,1.00000
774,1.00000
775,1.00000
776,1.00000
777,1.00000
778,1.00000
779,1.00000
780,1.00000
781,1.00000
782,1.00000
783,1.00000
784,1.00000
785,1.00000
786,1.00000
787,1.00000
788,1.00000
789,1.00000
790,1.00000
791,1.00000
792,1.00000
793,1.00000
794,1.00000
795,1.00000
796,1.00000
797,1.00000
798,1.00000
799,1.00000
800,1.00000
801,1.00000
802,1.00000
804,1.00000
803,1.00000
805,1.00000
806,1.00000
807,1.00000
808,1.00000
809,1.00000
810,1.00000
811,1.00000
812,1.00000
813,1.00000
814,1.00000
815,1.00000
816,1.00000
817,1.00000
818,1.00000
819,1.00000
820,1.00000
821,1.00000
822,1.00000
823,1.00000
824,1.00000
825,1.00000
826,1.00000
827,1.00000
828,1.00000
829,1.00000
830,1.00000
831,1.00000
832,1.00000
833,1.00000
834,1.00000
835,1.00000
836,1.00000
837,1.00000
841,1.00000
840,1.00000
838,1.00000
839,1.00000
842,1.00000
843,1.00000
844,1.00000
845,1.00000
846,1.00000
847,1.00000
848,1.00000
849,1.00000
850,1.00000
851,1.00000
852,1.00000
853,1.00000
854,1.00000
855,1.00000
856,1.00000
857,1.00000
858,1.00000
859,1.00000
860,1.00000
861,1.00000
862,1.00000
863,1.00000
864,1.00000
865,1.00000
866,1.00000
867,1.00000
868,1.00000
869,1.00000
870,1.00000
871,1.00000
872,1.00000
873,1.00000
874,1.00000
875,1.00000
876,1.00000
877,1.00000
878,1.00000
879,1.00000
880,1.00000
881,1.00000
882,1.00000
883,1.00000
884,1.00000
885,1.00000
886,1.00000
887,1.00000
888,1.00000
889,1.00000
890,1.00000
891,1.00000
893,1.00000
892,1.00000
894,1.00000
895,1.00000
896,1.00000
897,1.00000
898,1.00000
899,1.00000
900,1.00000
901,1.00000
902,1.00000
903,1.00000
904,1.00000
905,1.00000
906,1.00000
907,1.00000
908,1.00000
909,1.00000
911,1.00000
910,1.00000
912,1.00000
913,1.00000
914,1.00000
915,1.00000
916,1.00000
917,1.00000
918,1.00000
919,1.00000
920,1.00000
921,1.00000
922,1.00000
923,1.00000
924,1.00000
925,1.00000
926,1.00000
929,1.00000
930,1.00000
927,1.00000
928,1.00000
931,1.00000
932,1.00000
933,1.00000
934,1.00000
935,1.00000
936,1.00000
938,1.00000
937,1.00000
939,1.00000
940,1.00000
941,1.00000
942,1.00000
943,1.00000
944,1.00000
945,1.00000
946,1.00000
947,1.00000
948,1.00000
949,1.00000
950,1.00000
951,1.00000
952,1.00000
953,1.00000
954,1.00000
957,1.00000
955,1.00000
956,1.00000
958,1.00000
959,1.00000
960,1.00000
961,1.00000
962,1.00000
963,1.00000
964,1.00000
965,1.00000
966,1.00000
967,1.00000
968,1.00000
969,1.00000
970,1.00000
971,1.00000
972,1.00000
973,1.00000
974,1.00000
975,1.00000
976,1.00000
977,1.00000
978,1.00000
979,1.00000
980,1.00000
981,1.00000
982,1.00000
984,1.00000
983,1.00000
985,1.00000
986,1.00000
987,1.00000
988,1.00000
989,1.00000
993,1.00000
992,1.00000
990,1.00000
991,1.00000
994,1.00000
995,1.00000
996,1.00000
997,1.00000
999,1.00000
998,1.00000
1000,1.00000
1005,1.00000
1004,1.00000
1001,1.00000
1002,1.00000
1003,1.00000
1006,1.00000
1007,1.00000
1008,1.00000
1009,1.00000
1010,1.00000
1011,1.00000
1012,1.00000
1013,1.00000
1014,1.00000
1015,1.00000
1016,1.00000
1017,1.00000
1018,1.00000
1019,1.00000
1021,1.00000
1020,1.00000
1022,1.00000
1023,1.00000
1024,1.00000
1025,1.00000
1026,1.00000
1027,1.00000
1028,1.00000
1029,1.00000
1030,1.00000
1031,1.00000
1032,1.00000
1033,1.00000
1034,1.00000
1035,1.00000
1036,1.00000
1037,1.00000
1038,1.00000
1039,1.00000
1040,1.00000
1041,1.00000
1042,1.00000
1043,1.00000
1044,1.00000
1045,1.00000
1046,1.00000
1048,1.00000
1047,1.00000
1049,1.00000
1050,1.00000
1051,1.00000
1052,1.00000
1053,1.00000
1054,1.00000
1055,1.00000
1057,1.00000
1056,1.00000
1058,1.00000
1059,1.00000
1060,1.00000
1061,1.00000
1062,1.00000
1063,1.00000
1064,1.00000
1065,1.00000
1066,1.00000
1067,1.00000
1068,1.00000
1069,1.00000
1070,1.00000
1071,1.00000
1072,1.00000
1073,1.00000
1074,1.00000
1075,1.00000
1076,1.00000
1077,1.00000
1078,1.00000
1079,1.00000
1080,1.00000
1081,1.00000
1087,1.00000
1086,1.00000
1085,1.00000
1083,1.00000
1082,1.00000
1084,1.00000
1088,1.00000
1089,1.00000
1090,1.00000
1092,1.00000
1091,1.00000
1093,1.00000
1094,1.00000
1095,1.00000
1096,1.00000
1097,1.00000
1098,1.00000
1099,1.00000
1100,1.00000
1101,1.00000
1102,1.00000
1103,1.00000
1104,1.00000
1105,1.00000
1106,1.00000
1107,1.00000
1109,1.00000
1108,1.00000
1110,1.00000
1111,1.00000
1112,1.00000
1113,1.00000
1114,1.00000
1115,1.00000
1116,1.00000
1118,1.00000
1117,1.00000
1119,1.00000
1120,1.00000
1121,1.00000
1122,1.00000
1123,1.00000
1124,1.00000
1127,1.00000
1126,1.00000
1125,1.00000
1128,1.00000
1129,1.00000
1130,1.00000
1131,1.00000
1132,1.00000
1133,1.00000
1134,1.00000
1135,1.00000
1136,1.00000
1137,1.00000
1138,1.00000
1139,1.00000
1140,1.00000
1141,1.00000
1142,1.00000
1143,1.00000
1144,1.00000
1145,1.00000
1146,1.00000
1147,1.00000
1148,1.00000
1149,1.00000
1150,1.00000
1151,1.00000
1152,1.00000
1153,1.00000
1154,1.00000
1155,1.00000
1156,1.00000
1157,1.00000
1158,1.00000
1159,1.00000
1160,1.00000
1161,1.00000
1162,1.00000
1163,1.00000
1164,1.00000
1165,1.00000
1166,1.00000
1167,1.00000
1168,1.00000
1169,1.00000
1170,1.00000
1173,1.00000
1171,1.00000
1172,1.00000
1174,1.00000
1175,1.00000
1176,1.00000
1177,1.00000
1178,1.00000
1179,1.00000
1180,1.00000
1181,1.00000
1182,1.00000
1183,1.00000
1184,1.00000
1185,1.00000
1186,1.00000
1187,1.00000
1188,1.00000
1189,1.00000
1190,1.00000
1191,1.00000
1192,1.00000
1193,1.00000
1194,1.00000
1195,1.00000
1196,1.00000
1200,1.00000
1199,1.00000
1198,1.00000
1197,1.00000
1201,1.00000
1202,1.00000
1203,1.00000
1204,1.00000
1205,1.00000
1206,1.00000
1207,1.00000
1208,1.00000
1209,1.00000
1210,1.00000
1211,1.00000
1212,1.00000
1213,1.00000
1214,1.00000
1215,1.00000
1217,1.00000
1216,1.00000
1218,1.00000
1219,1.00000
1220,1.00000
1221,1.00000
1222,1.00000
1223,1.00000
1226,1.00000
1225,1.00000
1224,1.00000
1227,1.00000
1228,1.00000
1229,1.00000
1230,1.00000
1231,1.00000
1232,1.00000
1233,1.00000
1234,1.00000
1235,1.00000
1236,1.00000
1237,1.00000
1238,1.00000
1239,1.00000
1240,1.00000
1241,1.00000
1243,1.00000
1242,1.00000
1244,1.00000
1245,1.00000
1246,1.00000
1247,1.00000
1248,1.00000
1249,1.00000
1250,1.00000
1252,1.00000
1251,1.00000
1253,1.00000
1254,1.00000
1255,1.00000
1256,1.00000
1257,1.00000
1258,1.00000
1259,1.00000
1260,1.00000
1261,1.00000
1262,1.00000
1263,1.00000
1264,1.00000
1265,1.00000
1266,1.00000
1267,1.00000
1269,1.00000
1268,1.00000
1270,1.00000
1271,1.00000
1272,1.00000
1273,1.00000
1274,1.00000
1275,1.00000
1276,1.00000
1277,1.00000
1278,1.00000
1279,1.00000
1280,1.00000
1281,1.00000
1282,1.00000
1283,1.00000
1284,1.00000
1285,1.00000
1287,1.00000
1286,1.00000
1289,1.00000
1288,1.00000
1290,1.00000
1291,1.00000
1292,1.00000
1293,1.00000
1294,1.00000
1295,1.00000
1296,1.00000
1297,1.00000
1298,1.00000
1299,1.00000
1300,1.00000
1301,1.00000
1302,1.00000
1303,1.00000
1308,1.00000
1306,1.00000
1307,1.00000
1304,1.00000
1305,1.00000
1309,1.00000
1310,1.00000
1311,1.00000
1312,1.00000
1313,1.00000
1314,1.00000
1315,1.00000
1316,1.00000
1317,1.00000
1318,1.00000
1319,1.00000
1320,1.00000
1321,1.00000
1323,1.00000
1322,1.00000
1324,1.00000
1325,1.00000
1326,1.00000
1327,1.00000
1328,1.00000
1329,1.00000
1330,1.00000
1331,1.00000
1332,1.00000
1333,1.00000
1334,1.00000
1335,1.00000
1336,1.00000
1337,1.00000
1338,1.00000
1339,1.00000
1340,1.00000
1341,1.00000
1343,1.00000
1342,1.00000
1344,1.00000
1345,1.00000
1346,1.00000
1347,1.00000
1348,1.00000
1349,1.00000
1350,1.00000
1351,1.00000
1352,1.00000
1353,1.00000
1354,1.00000
1355,1.00000
1356,1.00000
1357,1.00000
1358,1.00000
1359,1.00000
1362,1.00000
1360,1.00000
1361,1.00000
1363,1.00000
1364,1.00000
1365,1.00000
1366,1.00000
1367,1.00000
1368,1.00000
1369,1.00000
1370,1.00000
1371,1.00000
1372,1.00000
1373,1.00000
1374,1.00000
1375,1.00000
1376,1.00000
1378,1.00000
1377,1.00000
1379,1.00000
1380,1.00000
1381,1.00000
1382,1.00000
1383,1.00000
1384,1.00000
1386,1.00000
1385,1.00000
1387,1.00000
1388,1.00000
1389,1.00000
1390,1.00000
1391,1.00000
1392,1.00000
1393,1.00000
1394,1.00000
1395,1.00000
1396,1.00000
1397,1.00000
1398,1.00000
1399,1.00000
1400,1.00000
1401,1.00000
1402,1.00000
1403,1.00000
1404,1.00000
1405,1.00000
1406,1.00000
1407,1.00000
1408,1.00000
1409,1.00000
1410,1.00000
1411,1.00000
1413,1.00000
1412,1.00000
1414,1.00000
1415,1.00000
1416,1.00000
1417,1.00000
1418,1.00000
1419,1.00000
1420,1.00000
1421,1.00000
1422,1.00000
1423,1.00000
1424,1.00000
1425,1.00000
1426,1.00000
1427,1.00000
1428,1.00000
1429,1.00000
1430,1.00000
1431,1.00000
1432,1.00000
1433,1.00000
1434,1.00000
1435,1.00000
1436,1.00000
1437,1.00000
1438,1.00000
1439,1.00000
1440,1.00000
1441,1.00000
1442,1.00000
1443,1.00000
1444,1.00000
1445,1.00000
1447,1.00000
1448,1.00000
1446,1.00000
1449,1.00000
1450,1.00000
1451,1.00000
1452,1.00000
1453,1.00000
1454,1.00000
1455,1.00000
1456,1.00000
1457,1.00000
1458,1.00000
1459,1.00000
1460,1.00000
1461,1.00000
1463,1.00000
1462,1.00000
1464,1.00000
1466,1.00000
1465,1.00000
1467,1.00000
1468,1.00000
1469,1.00000
1470,1.00000
1471,1.00000
1475,1.00000
1474,1.00000
1472,1.00000
1473,1.00000
1476,1.00000
1477,1.00000
1478,1.00000
1479,1.00000
1480,1.00000
1481,1.00000
1482,1.00000
1484,1.00000
1483,1.00000
1485,1.00000
1486,1.00000
1487,1.00000
1488,1.00000
1489,1.00000
1490,1.00000
1491,1.00000
1492,1.00000
1493,1.00000
1494,1.00000
1495,1.00000
1496,1.00000
1497,1.00000
1498,1.00000
1499,1.00000
1501,1.00000
1502,1.00000
1500,1.00000
1503,1.00000
1504,1.00000
1505,1.00000
1506,1.00000
1507,1.00000
1508,1.00000
1509,1.00000
1510,1.00000
1511,1.00000
1512,1.00000
1513,1.00000
1514,1.00000
1515,1.00000
1516,1.00000
1517,1.00000
1520,1.00000
1519,1.00000
1518,1.00000
1521,1.00000
1522,1.00000
1523,1.00000
1524,1.00000
1525,1.00000
1526,1.00000
1527,1.00000
1528,1.00000
1529,1.00000
1530,1.00000
1531,1.00000
1532,1.00000
1533,1.00000
1534,1.00000
1535,1.00000
1536,1.00000
1538,1.00000
1537,1.00000
1539,1.00000
1540,1.00000
1541,1.00000
1542,1.00000
1543,1.00000
1544,1.00000
1545,1.00000
1546,1.00000
1547,1.00000
1548,1.00000
1549,1.00000
1550,1.00000
1551,1.00000
1552,1.00000
1553,1.00000
1554,1.00000
1555,1.00000
1556,1.00000
1557,1.00000
1558,1.00000
1559,1.00000
1560,1.00000
1561,1.00000
1562,1.00000
1563,1.00000
1564,1.00000
1565,1.00000
1566,1.00000
1567,1.00000
1568,1.00000
1569,1.00000
1570,1.00000
1572,1.00000
1571,1.00000
1573,1.00000
1574,1.00000
1575,1.00000
1576,1.00000
1577,1.00000
1578,1.00000
1579,1.00000
1580,1.00000
1581,1.00000
1582,1.00000
1583,1.00000
1584,1.00000
1585,1.00000
1586,1.00000
1587,1.00000
1588,1.00000
1589,1.00000
1590,1.00000
1591,1.00000
1592,1.00000
1593,1.00000
1594,1.00000
1595,1.00000
1596,1.00000
1597,1.00000
1598,1.00000
1599,1.00000
1601,1.00000
1600,1.00000
1602,1.00000
1603,1.00000
1604,1.00000
1605,1.00000
1606,1.00000
1607,1.00000
1608,1.00000
1610,1.00000
1609,1.00000
1611,1.00000
1612,1.00000
1613,1.00000
1614,1.00000
1615,1.00000
1616,1.00000
1617,1.00000
1618,1.00000
1619,1.00000
1620,1.00000
1621,1.00000
1622,1.00000
1623,1.00000
1624,1.00000
1625,1.00000
1626,1.00000
1627,1.00000
1628,1.00000
1629,1.00000
1630,1.00000
1631,1.00000
1632,1.00000
1633,1.00000
1634,1.00000
1635,1.00000
1636,1.00000
1637,1.00000
1638,1.00000
1639,1.00000
1640,1.00000
1641,1.00000
1642,1.00000
1643,1.00000
1644,1.00000
1645,1.00000
1647,1.00000
1646,1.00000
1648,1.00000
1649,1.00000
1650,1.00000
1651,1.00000
1652,1.00000
1653,1.00000
1654,1.00000
1655,1.00000
1656,1.00000
1657,1.00000
1658,1.00000
1659,1.00000
1660,1.00000
1661,1.00000
1662,1.00000
1663,1.00000
1664,1.00000
1665,1.00000
1666,1.00000
1667,1.00000
1668,1.00000
1669,1.00000
1670,1.00000
1671,1.00000
1672,1.00000
1673,1.00000
1674,1.00000
1675,1.00000
1676,1.00000
1677,1.00000
1678,1.00000
1679,1.00000
1680,1.00000
1681,1.00000
1682,1.00000
1683,1.00000
1684,1.00000
1685,1.00000
1686,1.00000
1687,1.00000
1688,1.00000
1689,1.00000
1690,1.00000
1691,1.00000
1692,1.00000
1693,1.00000
1694,1.00000
1695,1.00000
1696,1.00000
1697,1.00000
1698,1.00000
1699,1.00000
1701,1.00000
1700,1.00000
1702,1.00000
1703,1.00000
1704,1.00000
1705,1.00000
1706,1.00000
1707,1.00000
1708,1.00000
1709,1.00000
1710,1.00000
1711,1.00000
1712,1.00000
1713,1.00000
1714,1.00000
1715,1.00000
1716,1.00000
1719,1.00000
1718,1.00000
1717,1.00000
1720,1.00000
1721,1.00000
1722,1.00000
1723,1.00000
1724,1.00000
1725,1.00000
1726,1.00000
1727,1.00000
1728,1.00000
1729,1.00000
1730,1.00000
1731,1.00000
1732,1.00000
1736,1.00000
1735,1.00000
1733,1.00000
1734,1.00000
1737,1.00000
1738,1.00000
1739,1.00000
1740,1.00000
1741,1.00000
1742,1.00000
1743,1.00000
1744,1.00000
1745,1.00000
1746,1.00000
1747,1.00000
1748,1.00000
1749,1.00000
1750,1.00000
1751,1.00000
1752,1.00000
1753,1.00000
1754,1.00000
1755,1.00000
1756,1.00000
1757,1.00000
1758,1.00000
1759,1.00000
1760,1.00000
1761,1.00000
1762,1.00000
1763,1.00000
1764,1.00000
1765,1.00000
1766,1.00000
1767,1.00000
1768,1.00000
1769,1.00000
1770,1.00000
1772,1.00000
1771,1.00000
1773,1.00000
1774,1.00000
1775,1.00000
1776,1.00000
1777,1.00000
1778,1.00000
1779,1.00000
1780,1.00000
1781,1.00000
1782,1.00000
1783,1.00000
1784,1.00000
1785,1.00000
1786,1.00000
1787,1.00000
1788,1.00000
1790,1.00000
1789,1.00000
1791,1.00000
1792,1.00000
1793,1.00000
1794,1.00000
1795,1.00000
1796,1.00000
1797,1.00000
1798,1.00000
1799,1.00000
1800,1.00000
1801,1.00000
1802,1.00000
1803,1.00000
1804,1.00000
1805,1.00000
1807,1.00000
1806,1.00000
1808,1.00000
1809,1.00000
1810,1.00000
1811,1.00000
1812,1.00000
1813,1.00000
1814,1.00000
1815,1.00000
1816,1.00000
1817,1.00000
1818,1.00000
1819,1.00000
1820,1.00000
1821,1.00000
1822,1.00000
1823,1.00000
1824,1.00000
1825,1.00000
1826,1.00000
1827,1.00000
1828,1.00000
1829,1.00000
1830,1.00000
1831,1.00000
1832,1.00000
1833,1.00000
1834,1.00000
1835,1.00000
1836,1.00000
1837,1.00000
1838,1.00000
1839,1.00000
1840,1.00000
1841,1.00000
1842,1.00000
1843,1.00000
1844,1.00000
1845,1.00000
1846,1.00000
1847,1.00000
1848,1.00000
1849,1.00000
1850,1.00000
1853,1.00000
1852,1.00000
1851,1.00000
1854,1.00000
1855,1.00000
1856,1.00000
1857,1.00000
1858,1.00000
1859,1.00000
1860,1.00000
1864,1.00000
1863,1.00000
1861,1.00000
1862,1.00000
1865,1.00000
1866,1.00000
1867,1.00000
1868,1.00000
1869,1.00000
1870,1.00000
1871,1.00000
1872,1.00000
1873,1.00000
1874,1.00000
1875,1.00000
1876,1.00000
1877,1.00000
1878,1.00000
1880,1.00000
1879,1.00000
1881,1.00000
1882,1.00000
1883,1.00000
1884,1.00000
1885,1.00000
1886,1.00000
1888,1.00000
1887,1.00000
1889,1.00000
1890,1.00000
1891,1.00000
1892,1.00000
1893,1.00000
1894,1.00000
1895,1.00000
1896,1.00000
1897,1.00000
1898,1.00000
1899,1.00000
1900,1.00000
1901,1.00000
1902,1.00000
1903,1.00000
1904,1.00000
1905,1.00000
1906,1.00000
1907,1.00000
1908,1.00000
1909,1.00000
1910,1.00000
1911,1.00000
1912,1.00000
1913,1.00000
1914,1.00000
1917,1.00000
1915,1.00000
1916,1.00000
1918,1.00000
1919,1.00000
1920,1.00000
1921,1.00000
1922,1.00000
1923,1.00000
1924,1.00000
1925,1.00000
1926,1.00000
1927,1.00000
1928,1.00000
1929,1.00000
1930,1.00000
1931,1.00000
1932,1.00000
1934,1.00000
1933,1.00000
1935,1.00000
1936,1.00000
1937,1.00000
1938,1.00000
1939,1.00000
1940,1.00000
1942,1.00000
1941,1.00000
1943,1.00000
1944,1.00000
1945,1.00000
1946,1.00000
1947,1.00000
1948,1.00000
1949,1.00000
1952,1.00000
1950,1.00000
1951,1.00000
1953,1.00000
1954,1.00000
1955,1.00000
1956,1.00000
1957,1.00000
1958,1.00000
1959,1.00000
1960,1.00000
1961,1.00000
1962,1.00000
1963,1.00000
1964,1.00000
1965,1.00000
1966,1.00000
1968,1.00000
1967,1.00000
1969,1.00000
1970,1.00000
1971,1.00000
1972,1.00000
1973,1.00000
1974,1.00000
1975,1.00000
1976,1.00000
1977,1.00000
1978,1.00000
1979,1.00000
1980,1.00000
1981,1.00000
1982,1.00000
1985,1.00000
1983,1.00000
1984,1.00000
1986,1.00000
1987,1.00000
1988,1.00000
1989,1.00000
1990,1.00000
1991,1.00000
1992,1.00000
1993,1.00000
1994,1.00000
1995,1.00000
1997,1.00000
1996,1.00000
1998,1.00000
2000,1.00000
1999,1.00000
2001,1.00000
2003,1.00000
2002,1.00000
2004,1.00000
2005,1.00000
2006,1.00000
2007,1.00000
2008,1.00000
2009,1.00000
2010,1.00000
2011,1.00000
2012,1.00000
2015,1.00000
2014,1.00000
2013,1.00000
2016,1.00000
2017,1.00000
2018,1.00000
2019,1.00000
2020,1.00000
2021,1.00000
2023,1.00000
2022,1.00000
2024,1.00000
2025,1.00000
2026,1.00000
2027,1.00000
2028,1.00000
2029,1.00000
2030,1.00000
2031,1.00000
2032,1.00000
2033,1.00000
2034,1.00000
2035,1.00000
2036,1.00000
2037,1.00000
2038,1.00000
2040,1.00000
2039,1.00000
2041,1.00000
2042,1.00000
2043,1.00000
2044,1.00000
2045,1.00000
2046,1.00000
2047,1.00000
2048,1.00000
2049,1.00000
2050,1.00000
2051,1.00000
2052,1.00000
2053,1.00000
2054,1.00000
2055,1.00000
2056,1.00000
2057,1.00000
2058,1.00000
2059,1.00000
2060,1.00000
2061,1.00000
2062,1.00000
2063,1.00000
2064,1.00000
2065,1.00000
2066,1.00000
2067,1.00000
2068,1.00000
2069,1.00000
2070,1.00000
2071,1.00000
2072,1.00000
2073,1.00000
2074,1.00000
2076,1.00000
2075,1.00000
2077,1.00000
2078,1.00000
2079,1.00000
2080,1.00000
2081,1.00000
2082,1.00000
2083,1.00000
2084,1.00000
2085,1.00000
2086,1.00000
2087,1.00000
2088,1.00000
2089,1.00000
2090,1.00000
2091,1.00000
2092,1.00000
2093,1.00000
2094,1.00000
2095,1.00000
2096,1.00000
2097,1.00000
2098,1.00000
2099,1.00000
2100,1.00000
2101,1.00000
2102,1.00000
2103,1.00000
2104,1.00000
2105,1.00000
2106,1.00000
2107,1.00000
2108,1.00000
2109,1.00000
2110,1.00000
2111,1.00000
2112,1.00000
2113,1.00000
2114,1.00000
2115,1.00000
2116,1.00000
2117,1.00000
2118,1.00000
2119,1.00000
2120,1.00000
2121,1.00000
2122,1.00000
2123,1.00000
2124,1.00000
2125,1.00000
2126,1.00000
2128,1.00000
2127,1.00000
2129,1.00000
2130,1.00000
2131,1.00000
2132,1.00000
2133,1.00000
2136,1.00000
2134,1.00000
2135,1.00000
2137,1.00000
2138,1.00000
2139,1.00000
2140,1.00000
2141,1.00000
2143,1.00000
2142,1.00000
2145,1.00000
2146,1.00000
2144,1.00000
2147,1.00000
2148,1.00000
2149,1.00000
2150,1.00000
2151,1.00000
2152,1.00000
2153,1.00000
2154,1.00000
2155,1.00000
2156,1.00000
2158,1.00000
2157,1.00000
2159,1.00000
2160,1.00000
2161,1.00000
2162,1.00000
2163,1.00000
2164,1.00000
2165,1.00000
2167,1.00000
2166,1.00000
2168,1.00000
2169,1.00000
2170,1.00000
2171,1.00000
2172,1.00000
2173,1.00000
2174,1.00000
2175,1.00000
2177,1.00000
2176,1.00000
2178,1.00000
2179,1.00000
2180,1.00000
2181,1.00000
2182,1.00000
2183,1.00000
2185,1.00000
2184,1.00000
2186,1.00000
2187,1.00000
2188,1.00000
2189,1.00000
2190,1.00000
2191,1.00000
2192,1.00000
2193,1.00000
2194,1.00000
2195,1.00000
2196,1.00000
2197,1.00000
2198,1.00000
2199,1.00000
2200,1.00000
2202,1.00000
2201,1.00000
2203,1.00000
2204,1.00000
2205,1.00000
2206,1.00000
2207,1.00000
2208,1.00000
2209,1.00000
2210,1.00000
2211,1.00000
2212,1.00000
2213,1.00000
2214,1.00000
2215,1.00000
2217,1.00000
2218,1.00000
2216,1.00000
2219,1.00000
2220,1.00000
2221,1.00000
2222,1.00000
2223,1.00000
2224,1.00000
2225,1.00000
2226,1.00000
2227,1.00000
2229,1.00000
2228,1.00000
2230,1.00000
2231,1.00000
2232,1.00000
2233,1.00000
2234,1.00000
2235,1.00000
2236,1.00000
2237,1.00000
2238,1.00000
2239,1.00000
2240,1.00000
2241,1.00000
2242,1.00000
2243,1.00000
2244,1.00000
2245,1.00000
2247,1.00000
2246,1.00000
2248,1.00000
2249,1.00000
2250,1.00000
2251,1.00000
2252,1.00000
2253,1.00000
2254,1.00000
2255,1.00000
2256,1.00000
2257,1.00000
2258,1.00000
2259,1.00000
2260,1.00000
2261,1.00000
2262,1.00000
2263,1.00000
2264,1.00000
2266,1.00000
2265,1.00000
2267,1.00000
2268,1.00000
2269,1.00000
2270,1.00000
2271,1.00000
2272,1.00000
2273,1.00000
2275,1.00000
2274,1.00000
2276,1.00000
2277,1.00000
2278,1.00000
2279,1.00000
2280,1.00000
2281,1.00000
2282,1.00000
2283,1.00000
2284,1.00000
2285,1.00000
2286,1.00000
2287,1.00000
2288,1.00000
2289,1.00000
2290,1.00000
2291,1.00000
2292,1.00000
2293,1.00000
2294,1.00000
2295,1.00000
2296,1.00000
2297,1.00000
2298,1.00000
2299,1.00000
2300,1.00000
2301,1.00000
2302,1.00000
2303,1.00000
2304,1.00000
2305,1.00000
2306,1.00000
2307,1.00000
2308,1.00000
2310,1.00000
2309,1.00000
2311,1.00000
2312,1.00000
2313,1.00000
2314,1.00000
2315,1.00000
2316,1.00000
2317,1.00000
2318,1.00000
2319,1.00000
2320,1.00000
2321,1.00000
2322,1.00000
2323,1.00000
2324,1.00000
2325,1.00000
2327,1.00000
2326,1.00000
2328,1.00000
2329,1.00000
2330,1.00000
2331,1.00000
2332,1.00000
2333,1.00000
2334,1.00000
2335,1.00000
2336,1.00000
2337,1.00000
2338,1.00000
2339,1.00000
2340,1.00000
2341,1.00000
2342,1.00000
2343,1.00000
2346,1.00000
2344,1.00000
2345,1.00000
2347,1.00000
2348,1.00000
2349,1.00000
2350,1.00000
2351,1.00000
2352,1.00000
2353,1.00000
2354,1.00000
2355,1.00000
2356,1.00000
2357,1.00000
2358,1.00000
2359,1.00000
2360,1.00000
2362,1.00000
2363,1.00000
2361,1.00000
2364,1.00000
2365,1.00000
2366,1.00000
2367,1.00000
2368,1.00000
2369,1.00000
2370,1.00000
2371,1.00000
2372,1.00000
2373,1.00000
2374,1.00000
2375,1.00000
2376,1.00000
2377,1.00000
2378,1.00000
2380,1.00000
2379,1.00000
2381,1.00000
2382,1.00000
2383,1.00000
2384,1.00000
2385,1.00000
2386,1.00000
2387,1.00000
2388,1.00000
2389,1.00000
2390,1.00000
2391,1.00000
2392,1.00000
2393,1.00000
2394,1.00000
2395,1.00000
2396,1.00000
2397,1.00000
2398,1.00000
2399,1.00000
2400,1.00000
2401,1.00000
2402,1.00000
2403,1.00000
2404,1.00000
2405,1.00000
2406,1.00000
2408,1.00000
2407,1.00000
2409,1.00000
2410,1.00000
2411,1.00000
2412,1.00000
2413,1.00000
2414,1.00000
2416,1.00000
2415,1.00000
2417,1.00000
2418,1.00000
2419,1.00000
2420,1.00000
2421,1.00000
2422,1.00000
2423,1.00000
2424,1.00000
2425,1.00000
2426,1.00000
2427,1.00000
2428,1.00000
2429,1.00000
2430,1.00000
2431,1.00000
2433,1.00000
2432,1.00000
2435,1.00000
2434,1.00000
2436,1.00000
2437,1.00000
2438,1.00000
2439,1.00000
2440,1.00000
2441,1.00000
2442,1.00000
2443,1.00000
2444,1.00000
2445,1.00000
2446,1.00000
2447,1.00000
2448,1.00000
2449,1.00000
2450,1.00000
2451,1.00000
2452,1.00000
2453,1.00000
2454,1.00000
2455,1.00000
2456,1.00000
2457,1.00000
2458,1.00000
2459,1.00000
2460,1.00000
2461,1.00000
2462,1.00000
2463,1.00000
2464,1.00000
2465,1.00000
2466,1.00000
2467,1.00000
2468,1.00000
2470,1.00000
2469,1.00000
2471,1.00000
2472,1.00000
2473,1.00000
2474,1.00000
2475,1.00000
2476,1.00000
2478,1.00000
2477,1.00000
2479,1.00000
2480,1.00000
2481,1.00000
2482,1.00000
2483,1.00000
2484,1.00000
2485,1.00000
2486,1.00000
2487,1.00000
2488,1.00000
2489,1.00000
2490,1.00000
2491,1.00000
2492,1.00000
2493,1.00000
2494,1.00000
2495,1.00000
2496,1.00000
2497,1.00000
2498,1.00000
2499,1.00000
2500,1.00000
2501,1.00000
2502,1.00000
2503,1.00000
2504,1.00000
2506,1.00000
2505,1.00000
2507,1.00000
2508,1.00000
2509,1.00000
2510,1.00000
2511,1.00000
2512,1.00000
2513,1.00000
2514,1.00000
2515,1.00000
2516,1.00000
2517,1.00000
2518,1.00000
2519,1.00000
2520,1.00000
2521,1.00000
2522,1.00000
2523,1.00000
2524,1.00000
2525,1.00000
2526,1.00000
2527,1.00000
2528,1.00000
2529,1.00000
2530,1.00000
2531,1.00000
2533,1.00000
2532,1.00000
2534,1.00000
2535,1.00000
2536,1.00000
2537,1.00000
2538,1.00000
2539,1.00000
2540,1.00000
2541,1.00000
2542,1.00000
2543,1.00000
2544,1.00000
2545,1.00000
2546,1.00000
2547,1.00000
2548,1.00000
2549,1.00000
2550,1.00000
2551,1.00000
2552,1.00000
2553,1.00000
2554,1.00000
2555,1.00000
2556,1.00000
2557,1.00000
2558,1.00000
2559,1.00000
2560,1.00000
2561,1.00000
2562,1.00000
2563,1.00000
2564,1.00000
2565,1.00000
2566,1.00000
2567,1.00000
2568,1.00000
2569,1.00000
2570,1.00000
2571,1.00000
2572,1.00000
2573,1.00000
2574,1.00000
2575,1.00000
2576,1.00000
2578,1.00000
2577,1.00000
2579,1.00000
2580,1.00000
2581,1.00000
2582,1.00000
2583,1.00000
2584,1.00000
2586,1.00000
2585,1.00000
2587,1.00000
2588,1.00000
2589,1.00000
2590,1.00000
2591,1.00000
2593,1.00000
2592,1.00000
2594,1.00000
2595,1.00000
2596,1.00000
2597,1.00000
2598,1.00000
2599,1.00000
2600,1.00000
2601,1.00000
2602,1.00000
2604,1.00000
2603,1.00000
2605,1.00000
2606,1.00000
2607,1.00000
2608,1.00000
2609,1.00000
2610,1.00000
2611,1.00000
2612,1.00000
2613,1.00000
2614,1.00000
2615,1.00000
2616,1.00000
2617,1.00000
2618,1.00000
2619,1.00000
2620,1.00000
2621,1.00000
2622,1.00000
2623,1.00000
2624,1.00000
2625,1.00000
2626,1.00000
2627,1.00000
2628,1.00000
2630,1.00000
2631,1.00000
2629,1.00000
2632,1.00000
2633,1.00000
2634,1.00000
2635,1.00000
2636,1.00000
2637,1.00000
2639,1.00000
2638,1.00000
2640,1.00000
2641,1.00000
2642,1.00000
2643,1.00000
2644,1.00000
2645,1.00000
2646,1.00000
2647,1.00000
2650,1.00000
2648,1.00000
2649,1.00000
2651,1.00000
2652,1.00000
2653,1.00000
2654,1.00000
2655,1.00000
2656,1.00000
2657,1.00000
2658,1.00000
2659,1.00000
2660,1.00000
2661,1.00000
2662,1.00000
2663,1.00000
2664,1.00000
2665,1.00000
2666,1.00000
2667,1.00000
2668,1.00000
2669,1.00000
2670,1.00000
2671,1.00000
2672,1.00000
2673,1.00000
2674,1.00000
2675,1.00000
2676,1.00000
2677,1.00000
2678,1.00000
2679,1.00000
2680,1.00000
2681,1.00000
2682,1.00000
2683,1.00000
2684,1.00000
2685,1.00000
2686,1.00000
2687,1.00000
2688,1.00000
2689,1.00000
2690,1.00000
2691,1.00000
2692,1.00000
2693,1.00000
2694,1.00000
2695,1.00000
2696,1.00000
2697,1.00000
2698,1.00000
2699,1.00000
2700,1.00000
2702,1.00000
2701,1.00000
2703,1.00000
2704,1.00000
2705,1.00000
2706,1.00000
2707,1.00000
2708,1.00000
2709,1.00000
2710,1.00000
2711,1.00000
2712,1.00000
2713,1.00000
2714,1.00000
2715,1.00000
2716,1.00000
2717,1.00000
2718,1.00000
2719,1.00000
2720,1.00000
2721,1.00000
2722,1.00000
2723,1.00000
2724,1.00000
2725,1.00000
2726,1.00000
2727,1.00000
2728,1.00000
2732,1.00000
2731,1.00000
2729,1.00000
2730,1.00000
2733,1.00000
2734,1.00000
2735,1.00000
2736,1.00000
2738,1.00000
2737,1.00000
2739,1.00000
2740,1.00000
2741,1.00000
2742,1.00000
2743,1.00000
2744,1.00000
2745,1.00000
2746,1.00000
2747,1.00000
2748,1.00000
2749,1.00000
2750,1.00000
2751,1.00000
2752,1.00000
2753,1.00000
2754,1.00000
2755,1.00000
2756,1.00000
2757,1.00000
2758,1.00000
2759,1.00000
2760,1.00000
2761,1.00000
2762,1.00000
2763,1.00000
2764,1.00000
2765,1.00000
2766,1.00000
2767,1.00000
2768,1.00000
2769,1.00000
2770,1.00000
2771,1.00000
2773,1.00000
2772,1.00000
2774,1.00000
2775,1.00000
2776,1.00000
2777,1.00000
2778,1.00000
2779,1.00000
2780,1.00000
2781,1.00000
2782,1.00000
2783,1.00000
2784,1.00000
2785,1.00000
2786,1.00000
2787,1.00000
2788,1.00000
2789,1.00000
2790,1.00000
2791,1.00000
2792,1.00000
2793,1.00000
2794,1.00000
2795,1.00000
2796,1.00000
2797,1.00000
2798,1.00000
2799,1.00000
2800,1.00000
2801,1.00000
2802,1.00000
2803,1.00000
2804,1.00000
2805,1.00000
2806,1.00000
2807,1.00000
2808,1.00000
2809,1.00000
2810,1.00000
2811,1.00000
2812,1.00000
2813,1.00000
2814,1.00000
2815,1.00000
2816,1.00000
2817,1.00000
2818,1.00000
2819,1.00000
2820,1.00000
2821,1.00000
2822,1.00000
2823,1.00000
2824,1.00000
2825,1.00000
2826,1.00000
2827,1.00000
2828,1.00000
2829,1.00000
2830,1.00000
2831,1.00000
2832,1.00000
2833,1.00000
2834,1.00000
2835,1.00000
2836,1.00000
2837,1.00000
2838,1.00000
2839,1.00000
2840,1.00000
2841,1.00000
2843,1.00000
2844,1.00000
2842,1.00000
2845,1.00000
2846,1.00000
2847,1.00000
2848,1.00000
2849,1.00000
2850,1.00000
2851,1.00000
2852,1.00000
2853,1.00000
2854,1.00000
2855,1.00000
2856,1.00000
2857,1.00000
2858,1.00000
2860,1.00000
2859,1.00000
2861,1.00000
2862,1.00000
2864,1.00000
2865,1.00000
2863,1.00000
2866,1.00000
2867,1.00000
2868,1.00000
2869,1.00000
2870,1.00000
2871,1.00000
2872,1.00000
2873,1.00000
2874,1.00000
2875,1.00000
2876,1.00000
2877,1.00000
2878,1.00000
2879,1.00000
2880,1.00000
2881,1.00000
2882,1.00000
2883,1.00000
2884,1.00000
2885,1.00000
2886,1.00000
2887,1.00000
2888,1.00000
2889,1.00000
2890,1.00000
2891,1.00000
2892,1.00000
2893,1.00000
2894,1.00000
2895,1.00000
2896,1.00000
2897,1.00000
2898,1.00000
2899,1.00000
2900,1.00000
2901,1.00000
2902,1.00000
2903,1.00000
2904,1.00000
2905,1.00000
2906,1.00000
2907,1.00000
2908,1.00000
2909,1.00000
2910,1.00000
2911,1.00000
2912,1.00000
2913,1.00000
2914,1.00000
2918,1.00000
2917,1.00000
2916,1.00000
2915,1.00000
2919,1.00000
2920,1.00000
2921,1.00000
2922,1.00000
2923,1.00000
2924,1.00000
2925,1.00000
2926,1.00000
2927,1.00000
2928,1.00000
2929,1.00000
2930,1.00000
2931,1.00000
2932,1.00000
2934,1.00000
2935,1.00000
2933,1.00000
2936,1.00000
2937,1.00000
2938,1.00000
2939,1.00000
2940,1.00000
2945,1.00000
2944,1.00000
2943,1.00000
2942,1.00000
2941,1.00000
2946,1.00000
2947,1.00000
2948,1.00000
2949,1.00000
2950,1.00000
2951,1.00000
2954,1.00000
2952,1.00000
2953,1.00000
2955,1.00000
2956,1.00000
2957,1.00000
2958,1.00000
2959,1.00000
2960,1.00000
2961,1.00000
2962,1.00000
2963,1.00000
2964,1.00000
2965,1.00000
2966,1.00000
2967,1.00000
2968,1.00000
2969,1.00000
2970,1.00000
2971,1.00000
2972,1.00000
2973,1.00000
2974,1.00000
2975,1.00000
2976,1.00000
2977,1.00000
2980,1.00000
2979,1.00000
2978,1.00000
2981,1.00000
2982,1.00000
2983,1.00000
2984,1.00000
2985,1.00000
2986,1.00000
2988,1.00000
2987,1.00000
2989,1.00000
2990,1.00000
2991,1.00000
2992,1.00000
2993,1.00000
2994,1.00000
2995,1.00000
2996,1.00000
2997,1.00000
2998,1.00000
2999,1.00000
3000,1.00000
3001,1.00000
3002,1.00000
3003,1.00000
3004,1.00000
3005,1.00000
3006,1.00000
3007,1.00000
3008,1.00000
3009,1.00000
3010,1.00000
3011,1.00000
3012,1.00000
3013,1.00000
3014,1.00000
3015,1.00000
3016,1.00000
3017,1.00000
3018,1.00000
3019,1.00000
3020,1.00000
3021,1.00000
3022,1.00000
3023,1.00000
3025,1.00000
3024,1.00000
3026,1.00000
3027,1.00000
3028,1.00000
3029,1.00000
3030,1.00000
3031,1.00000
3032,1.00000
3033,1.00000
3034,1.00000
3035,1.00000
3036,1.00000
3037,1.00000
3038,1.00000
3039,1.00000
3040,1.00000
3042,1.00000
3041,1.00000
3044,1.00000
3043,1.00000
3045,1.00000
3046,1.00000
3047,1.00000
3048,1.00000
3049,1.00000
3050,1.00000
3051,1.00000
3052,1.00000
3053,1.00000
3054,1.00000
3055,1.00000
3056,1.00000
3057,1.00000
3058,1.00000
3059,1.00000
3060,1.00000
3061,1.00000
3062,1.00000
3063,1.00000
3064,1.00000
3065,1.00000
3066,1.00000
3067,1.00000
3068,1.00000
3070,1.00000
3069,1.00000
3071,1.00000
3072,1.00000
3073,1.00000
3074,1.00000
3075,1.00000
3077,1.00000
3076,1.00000
3079,1.00000
3078,1.00000
3080,1.00000
3081,1.00000
3082,1.00000
3083,1.00000
3084,1.00000
3085,1.00000
3086,1.00000
3087,1.00000
3088,1.00000
3089,1.00000
3090,1.00000
3091,1.00000
3092,1.00000
3093,1.00000
3094,1.00000
3095,1.00000
3096,1.00000
3097,1.00000
3098,1.00000
3099,1.00000
3100,1.00000
3101,1.00000
3102,1.00000
3103,1.00000
3104,1.00000
3105,1.00000
3106,1.00000
3107,1.00000
3108,1.00000
3109,1.00000
3110,1.00000
3111,1.00000
3112,1.00000
3114,1.00000
3113,1.00000
3115,1.00000
3116,1.00000
3117,1.00000
3118,1.00000
3119,1.00000
3120,1.00000
3121,1.00000
3124,1.00000
3122,1.00000
3123,1.00000
3125,1.00000
3126,1.00000
3127,1.00000
3128,1.00000
3129,1.00000
3130,1.00000
3132,1.00000
3131,1.00000
3133,1.00000
3134,1.00000
3135,1.00000
3136,1.00000
3137,1.00000
3138,1.00000
3139,1.00000
3140,1.00000
3141,1.00000
3142,1.00000
3143,1.00000
3144,1.00000
3145,1.00000
3146,1.00000
3147,1.00000
3148,1.00000
3149,1.00000
3151,1.00000
3150,1.00000
3152,1.00000
3153,1.00000
3154,1.00000
3155,1.00000
3156,1.00000
3157,1.00000
3158,1.00000
3159,1.00000
3160,1.00000
3161,1.00000
3162,1.00000
3163,1.00000
3164,1.00000
3168,1.00000
3167,1.00000
3165,1.00000
3166,1.00000
3169,1.00000
3170,1.00000
3171,1.00000
3172,1.00000
3173,1.00000
3175,1.00000
3174,1.00000
3176,1.00000
3177,1.00000
3178,1.00000
3179,1.00000
3180,1.00000
3181,1.00000
3183,1.00000
3182,1.00000
3184,1.00000
3185,1.00000
3186,1.00000
3187,1.00000
3188,1.00000
3189,1.00000
3190,1.00000
3191,1.00000
3192,1.00000
3193,1.00000
3194,1.00000
3195,1.00000
3196,1.00000
3197,1.00000
3198,1.00000
3199,1.00000
3200,1.00000
3201,1.00000
3202,1.00000
3203,1.00000
3204,1.00000
3205,1.00000
3206,1.00000
3207,1.00000
3208,1.00000
3209,1.00000
3210,1.00000
3211,1.00000
3212,1.00000
3213,1.00000
3214,1.00000
3215,1.00000
3216,1.00000
3217,1.00000
3218,1.00000
3222,1.00000
3221,1.00000
3219,1.00000
3220,1.00000
3223,1.00000
3224,1.00000
3225,1.00000
3226,1.00000
3227,1.00000
3228,1.00000
3229,1.00000
3230,1.00000
3231,1.00000
3232,1.00000
3233,1.00000
3234,1.00000
3235,1.00000
3236,1.00000
3237,1.00000
3238,1.00000
3239,1.00000
3240,1.00000
3241,1.00000
3242,1.00000
3243,1.00000
3244,1.00000
3245,1.00000
3246,1.00000
3247,1.00000
3248,1.00000
3249,1.00000
3250,1.00000
3251,1.00000
3252,1.00000
3254,1.00000
3253,1.00000
3255,1.00000
3256,1.00000
3257,1.00000
3258,1.00000
3259,1.00000
3260,1.00000
3261,1.00000
3262,1.00000
3263,1.00000
3264,1.00000
3265,1.00000
3266,1.00000
3267,1.00000
3268,1.00000
3271,1.00000
3272,1.00000
3269,1.00000
3270,1.00000
3273,1.00000
3274,1.00000
3275,1.00000
3276,1.00000
3277,1.00000
3278,1.00000
3281,1.00000
3279,1.00000
3280,1.00000
3282,1.00000
3283,1.00000
3284,1.00000
3285,1.00000
3286,1.00000
3287,1.00000
3289,1.00000
3290,1.00000
3288,1.00000
3292,1.00000
3291,1.00000
3293,1.00000
3294,1.00000
3295,1.00000
3296,1.00000
3297,1.00000
3298,1.00000
3299,1.00000
3300,1.00000
3301,1.00000
3302,1.00000
3303,1.00000
3304,1.00000
3305,1.00000
3306,1.00000
3307,1.00000
3308,1.00000
3310,1.00000
3309,1.00000
3311,1.00000
3312,1.00000
3313,1.00000
3314,1.00000
3315,1.00000
3316,1.00000
3318,1.00000
3317,1.00000
3319,1.00000
3320,1.00000
3321,1.00000
3322,1.00000
3323,1.00000
3324,1.00000
3325,1.00000
3326,1.00000
3328,1.00000
3327,1.00000
3329,1.00000
3330,1.00000
3331,1.00000
3332,1.00000
3333,1.00000
3334,1.00000
3335,1.00000
3336,1.00000
3337,1.00000
3338,1.00000
3339,1.00000
3340,1.00000
3341,1.00000
3342,1.00000
3344,1.00000
3345,1.00000
3343,1.00000
3346,1.00000
3347,1.00000
3348,1.00000
3349,1.00000
3350,1.00000
3351,1.00000
3352,1.00000
3353,1.00000
3354,1.00000
3355,1.00000
3356,1.00000
3357,1.00000
3358,1.00000
3359,1.00000
3360,1.00000
3361,1.00000
3362,1.00000
3363,1.00000
3364,1.00000
3365,1.00000
3366,1.00000
3367,1.00000
3368,1.00000
3369,1.00000
3370,1.00000
3371,1.00000
3372,1.00000
3373,1.00000
3374,1.00000
3375,1.00000
3376,1.00000
3378,1.00000
3379,1.00000
3377,1.00000
3380,1.00000
3381,1.00000
3382,1.00000
3383,1.00000
3384,1.00000
3385,1.00000
3387,1.00000
3386,1.00000
3388,1.00000
3389,1.00000
3390,1.00000
3391,1.00000
3392,1.00000
3393,1.00000
3394,1.00000
3398,1.00000
3397,1.00000
3396,1.00000
3395,1.00000
3399,1.00000
3400,1.00000
3401,1.00000
3402,1.00000
3403,1.00000
3404,1.00000
3406,1.00000
3405,1.00000
3407,1.00000
3408,1.00000
3409,1.00000
3410,1.00000
3411,1.00000
3412,1.00000
3413,1.00000
3415,1.00000
3414,1.00000
3416,1.00000
3417,1.00000
3418,1.00000
3419,1.00000
3420,1.00000
3421,1.00000
3422,1.00000
3423,1.00000
3424,1.00000
3425,1.00000
3426,1.00000
3427,1.00000
3428,1.00000
3429,1.00000
3431,1.00000
3430,1.00000
3432,1.00000
3433,1.00000
3434,1.00000
3436,1.00000
3435,1.00000
3437,1.00000
3439,1.00000
3438,1.00000
3440,1.00000
3441,1.00000
3442,1.00000
3443,1.00000
3444,1.00000
3446,1.00000
3447,1.00000
3445,1.00000
3448,1.00000
3449,1.00000
3450,1.00000
3451,1.00000
3452,1.00000
3453,1.00000
3457,1.00000
3456,1.00000
3455,1.00000
3454,1.00000
3458,1.00000
3459,1.00000
3460,1.00000
3461,1.00000
3462,1.00000
3463,1.00000
3464,1.00000
3465,1.00000
3466,1.00000
3467,1.00000
3468,1.00000
3469,1.00000
3470,1.00000
3471,1.00000
3472,1.00000
3473,1.00000
3474,1.00000
3475,1.00000
3476,1.00000
3477,1.00000
3478,1.00000
3479,1.00000
3480,1.00000
3481,1.00000
3482,1.00000
3483,1.00000
3484,1.00000
3485,1.00000
3486,1.00000
3487,1.00000
3488,1.00000
3491,1.00000
3490,1.00000
3489,1.00000
3492,1.00000
3493,1.00000
3494,1.00000
3495,1.00000
3496,1.00000
3497,1.00000
3500,1.00000
3499,1.00000
3498,1.00000
3501,1.00000
3502,1.00000
3503,1.00000
3504,1.00000
3505,1.00000
3506,1.00000
3507,1.00000
3509,1.00000
3508,1.00000
3510,1.00000
3511,1.00000
3512,1.00000
3513,1.00000
3514,1.00000
3515,1.00000
3516,1.00000
3518,1.00000
3517,1.00000
3519,1.00000
3520,1.00000
3521,1.00000
3522,1.00000
3523,1.00000
3524,1.00000
3525,1.00000
3526,1.00000
3527,1.00000
3528,1.00000
3529,1.00000
3530,1.00000
3531,1.00000
3532,1.00000
3533,1.00000
3534,1.00000
3536,1.00000
3535,1.00000
3537,1.00000
3538,1.00000
3539,1.00000
3540,1.00000
3541,1.00000
3542,1.00000
3543,1.00000
3544,1.00000
3545,1.00000
3546,1.00000
3547,1.00000
3548,1.00000
3549,1.00000
3550,1.00000
3551,1.00000
3552,1.00000
3553,1.00000
3554,1.00000
3555,1.00000
3556,1.00000
3557,1.00000
3558,1.00000
3559,1.00000
3560,1.00000
3561,1.00000
3562,1.00000
3563,1.00000
3564,1.00000
3565,1.00000
3566,1.00000
3567,1.00000
3568,1.00000
3569,1.00000
3570,1.00000
3571,1.00000
3572,1.00000
3573,1.00000
3574,1.00000
3575,1.00000
3576,1.00000
3577,1.00000
3579,1.00000
3578,1.00000
3582,1.00000
3581,1.00000
3580,1.00000
3583,1.00000
3584,1.00000
3585,1.00000
3586,1.00000
3587,1.00000
3588,1.00000
3589,1.00000
3590,1.00000
3591,1.00000
3592,1.00000
3593,1.00000
3594,1.00000
3595,1.00000
3596,1.00000
3597,1.00000
3598,1.00000
3599,1.00000
3600,1.00000
3601,1.00000
3602,1.00000
3603,1.00000
3604,1.00000
3605,1.00000
3606,1.00000
3607,1.00000
3608,1.00000
3609,1.00000
3610,1.00000
3611,1.00000
3612,1.00000
3613,1.00000
3614,1.00000
3615,1.00000
3616,1.00000
3617,1.00000
3618,1.00000
3619,1.00000
3620,1.00000
3621,1.00000
3622,1.00000
3623,1.00000
3624,1.00000
3625,1.00000
3626,1.00000
3627,1.00000
3628,1.00000
3629,1.00000
3630,1.00000
3631,1.00000
3632,1.00000
3633,1.00000
3634,1.00000
3635,1.00000
3636,1.00000
3637,1.00000
3638,1.00000
3639,1.00000
3640,1.00000
3641,1.00000
3643,1.00000
3642,1.00000
3644,1.00000
3645,1.00000
3646,1.00000
3647,1.00000
3648,1.00000
3649,1.00000
3650,1.00000
3652,1.00000
3651,1.00000
3653,1.00000
3654,1.00000
3655,1.00000
3656,1.00000
3657,1.00000
3658,1.00000
3659,1.00000
3660,1.00000
3661,1.00000
3662,1.00000
3663,1.00000
3664,1.00000
3665,1.00000
3666,1.00000
3667,1.00000
3668,1.00000
3669,1.00000
3670,1.00000
3671,1.00000
3672,1.00000
3673,1.00000
3674,1.00000
3676,1.00000
3677,1.00000
3675,1.00000
3678,1.00000
3679,1.00000
3680,1.00000
3681,1.00000
3682,1.00000
3683,1.00000
3684,1.00000
3687,1.00000
3686,1.00000
3685,1.00000
3688,1.00000
3689,1.00000
3690,1.00000
3691,1.00000
3692,1.00000
3696,1.00000
3695,1.00000
3693,1.00000
3694,1.00000
3697,1.00000
3698,1.00000
3699,1.00000
3700,1.00000
3701,1.00000
3702,1.00000
3703,1.00000
3705,1.00000
3704,1.00000
3706,1.00000
3707,1.00000
3708,1.00000
3709,1.00000
3710,1.00000
3711,1.00000
3712,1.00000
3713,1.00000
3714,1.00000
3715,1.00000
3716,1.00000
3717,1.00000
3718,1.00000
3719,1.00000
3720,1.00000
3721,1.00000
3722,1.00000
3723,1.00000
3725,1.00000
3724,1.00000
3726,1.00000
3727,1.00000
3728,1.00000
3729,1.00000
3730,1.00000
3731,1.00000
3733,1.00000
3732,1.00000
3734,1.00000
3735,1.00000
3736,1.00000
3737,1.00000
3738,1.00000
3741,1.00000
3739,1.00000
3740,1.00000
3743,1.00000
3742,1.00000
3744,1.00000
3745,1.00000
3746,1.00000
3747,1.00000
3748,1.00000
3749,1.00000
3750,1.00000
3751,1.00000
3752,1.00000
3753,1.00000
3754,1.00000
3755,1.00000
3756,1.00000
3757,1.00000
3758,1.00000
3760,1.00000
3759,1.00000
3761,1.00000
3762,1.00000
3763,1.00000
3764,1.00000
3765,1.00000
3766,1.00000
3767,1.00000
3768,1.00000
3769,1.00000
3770,1.00000
3771,1.00000
3772,1.00000
3773,1.00000
3774,1.00000
3776,1.00000
3777,1.00000
3775,1.00000
3778,1.00000
3779,1.00000
3780,1.00000
3781,1.00000
3782,1.00000
3783,1.00000
3785,1.00000
3784,1.00000
3786,1.00000
3787,1.00000
3788,1.00000
3789,1.00000
3790,1.00000
3791,1.00000
3792,1.00000
3793,1.00000
3795,1.00000
3796,1.00000
3794,1.00000
3797,1.00000
3798,1.00000
3799,1.00000
3800,1.00000
3801,1.00000
3802,1.00000
3803,1.00000
3804,1.00000
3805,1.00000
3806,1.00000
3807,1.00000
3808,1.00000
3809,1.00000
3810,1.00000
3812,1.00000
3813,1.00000
3811,1.00000
3814,1.00000
3815,1.00000
3816,1.00000
3817,1.00000
3818,1.00000
3819,1.00000
3820,1.00000
3821,1.00000
3822,1.00000
3823,1.00000
3824,1.00000
3825,1.00000
3826,1.00000
3827,1.00000
3829,1.00000
3828,1.00000
3831,1.00000
3830,1.00000
3832,1.00000
3833,1.00000
3834,1.00000
3835,1.00000
3836,1.00000
3837,1.00000
3838,1.00000
3839,1.00000
3841,1.00000
3840,1.00000
3842,1.00000
3843,1.00000
3844,1.00000
3845,1.00000
3846,1.00000
3847,1.00000
3849,1.00000
3848,1.00000
3850,1.00000
3851,1.00000
3852,1.00000
3853,1.00000
3854,1.00000
3855,1.00000
3856,1.00000
3857,1.00000
3858,1.00000
3859,1.00000
3860,1.00000
3861,1.00000
3862,1.00000
3863,1.00000
3864,1.00000
3865,1.00000
3866,1.00000
3868,1.00000
3867,1.00000
3869,1.00000
3870,1.00000
3871,1.00000
3872,1.00000
3873,1.00000
3874,1.00000
3875,1.00000
3876,1.00000
3877,1.00000
3878,1.00000
3879,1.00000
3880,1.00000
3881,1.00000
3882,1.00000
3883,1.00000
3884,1.00000
3885,1.00000
3886,1.00000
3887,1.00000
3888,1.00000
3889,1.00000
3890,1.00000
3891,1.00000
3892,1.00000
3893,1.00000
3894,1.00000
3895,1.00000
3896,1.00000
3897,1.00000
3898,1.00000
3899,1.00000
3900,1.00000
3901,1.00000
3903,1.00000
3902,1.00000
3904,1.00000
3905,1.00000
3906,1.00000
3907,1.00000
3908,1.00000
3909,1.00000
3910,1.00000
3912,1.00000
3911,1.00000
3913,1.00000
3914,1.00000
3915,1.00000
3916,1.00000
3917,1.00000
3918,1.00000
3919,1.00000
3920,1.00000
3921,1.00000
3922,1.00000
3923,1.00000
3924,1.00000
3925,1.00000
3926,1.00000
3927,1.00000
3928,1.00000
3929,1.00000
3930,1.00000
3931,1.00000
3932,1.00000
3933,1.00000
3934,1.00000
3936,1.00000
3937,1.00000
3935,1.00000
3938,1.00000
3939,1.00000
3940,1.00000
3941,1.00000
3942,1.00000
3943,1.00000
3944,1.00000
3945,1.00000
3946,1.00000
3947,1.00000
3949,1.00000
3948,1.00000
3950,1.00000
3951,1.00000
3952,1.00000
3953,1.00000
3954,1.00000
3955,1.00000
3957,1.00000
3956,1.00000
3958,1.00000
3959,1.00000
3960,1.00000
3961,1.00000
3962,1.00000
3963,1.00000
3964,1.00000
3965,1.00000
3966,1.00000
3967,1.00000
3968,1.00000
3969,1.00000
3970,1.00000
3971,1.00000
3973,1.00000
3974,1.00000
3972,1.00000
3975,1.00000
3976,1.00000
3977,1.00000
3978,1.00000
3979,1.00000
3980,1.00000
3982,1.00000
3981,1.00000
3983,1.00000
3984,1.00000
3985,1.00000
3986,1.00000
3987,1.00000
3989,1.00000
3988,1.00000
3991,1.00000
3990,1.00000
3992,1.00000
3993,1.00000
3994,1.00000
3995,1.00000
3996,1.00000
3997,1.00000
3998,1.00000
3999,1.00000
4000,1.00000
4001,1.00000
4002,1.00000
4003,1.00000
4004,1.00000
4005,1.00000
4007,1.00000
4008,1.00000
4006,1.00000
4010,1.00000
4011,1.00000
4009,1.00000
4014,1.00000
4012,1.00000
4013,1.00000
4015,1.00000
4016,1.00000
4017,1.00000
4018,1.00000
4019,1.00000
4020,1.00000
4021,1.00000
4023,1.00000
4022,1.00000
4024,1.00000
4025,1.00000
4026,1.00000
4027,1.00000
4028,1.00000
4029,1.00000
4031,1.00000
4030,1.00000
4032,1.00000
4033,1.00000
4034,1.00000
4035,1.00000
4036,1.00000
4037,1.00000
4038,1.00000
4039,1.00000
4040,1.00000
4041,1.00000
4042,1.00000
4043,1.00000
4044,1.00000
4045,1.00000
4046,1.00000
4047,1.00000
4048,1.00000
4049,1.00000
4050,1.00000
4051,1.00000
4052,1.00000
4053,1.00000
4054,1.00000
4055,1.00000
4057,1.00000
4056,1.00000
4058,1.00000
4059,1.00000
4060,1.00000
4061,1.00000
4062,1.00000
4063,1.00000
4064,1.00000
4065,1.00000
4066,1.00000
4067,1.00000
4068,1.00000
4069,1.00000
4070,1.00000
4071,1.00000
4072,1.00000
4073,1.00000
4074,1.00000
4075,1.00000
4076,1.00000
4077,1.00000
4078,1.00000
4079,1.00000
4080,1.00000
4081,1.00000
4082,1.00000
4083,1.00000
4084,1.00000
4085,1.00000
4086,1.00000
4087,1.00000
4088,1.00000
4089,1.00000
4090,1.00000
4091,1.00000
4092,1.00000
4093,1.00000
4094,1.00000
4095,1.00000
4096,1.00000
4097,1.00000
4098,1.00000
4099,1.00000
4100,1.00000
4102,1.00000
4101,1.00000
4103,1.00000
4104,1.00000
4105,1.00000
4106,1.00000
4107,1.00000
4108,1.00000
4109,1.00000
4110,1.00000
4111,1.00000
4112,1.00000
4113,1.00000
4114,1.00000
4115,1.00000
4116,1.00000
4122,1.00000
4123,1.00000
4121,1.00000
4119,1.00000
4118,1.00000
4117,1.00000
4120,1.00000
4124,1.00000
4125,1.00000
4126,1.00000
4127,1.00000
4128,1.00000
4129,1.00000
4130,1.00000
4131,1.00000
4132,1.00000
4133,1.00000
4134,1.00000
4135,1.00000
4137,1.00000
4136,1.00000
4138,1.00000
4139,1.00000
4140,1.00000
4141,1.00000
4142,1.00000
4143,1.00000
4144,1.00000
4145,1.00000
4146,1.00000
4147,1.00000
4148,1.00000
4149,1.00000
4150,1.00000
4151,1.00000
4152,1.00000
4153,1.00000
4155,1.00000
4156,1.00000
4154,1.00000
4157,1.00000
4158,1.00000
4159,1.00000
4160,1.00000
4161,1.00000
4162,1.00000
4163,1.00000
4165,1.00000
4164,1.00000
4166,1.00000
4167,1.00000
4168,1.00000
4169,1.00000
4170,1.00000
4175,1.00000
4174,1.00000
4172,1.00000
4171,1.00000
4173,1.00000
4176,1.00000
4177,1.00000
4178,1.00000
4179,1.00000
4180,1.00000
4181,1.00000
4182,1.00000
4183,1.00000
4184,1.00000
4185,1.00000
4186,1.00000
4187,1.00000
4188,1.00000
4189,1.00000
4191,1.00000
4190,1.00000
4192,1.00000
4193,1.00000
4194,1.00000
4195,1.00000
4196,1.00000
4197,1.00000
4198,1.00000
4199,1.00000
4200,1.00000
4201,1.00000
4202,1.00000
4203,1.00000
4204,1.00000
4208,1.00000
4207,1.00000
4205,1.00000
4206,1.00000
4209,1.00000
4210,1.00000
4211,1.00000
4212,1.00000
4213,1.00000
4215,1.00000
4214,1.00000
4216,1.00000
4217,1.00000
4218,1.00000
4219,1.00000
4220,1.00000
4221,1.00000
4222,1.00000
4223,1.00000
4225,1.00000
4224,1.00000
4226,1.00000
4227,1.00000
4228,1.00000
4229,1.00000
4230,1.00000
4231,1.00000
4232,1.00000
4233,1.00000
4234,1.00000
4235,1.00000
4236,1.00000
4237,1.00000
4238,1.00000
4239,1.00000
4240,1.00000
4241,1.00000
4242,1.00000
4243,1.00000
4244,1.00000
4245,1.00000
4246,1.00000
4247,1.00000
4248,1.00000
4249,1.00000
4250,1.00000
4251,1.00000
4254,1.00000
4253,1.00000
4252,1.00000
4255,1.00000
4256,1.00000
4257,1.00000
4258,1.00000
4259,1.00000
4260,1.00000
4261,1.00000
4262,1.00000
4263,1.00000
4264,1.00000
4265,1.00000
4266,1.00000
4267,1.00000
4268,1.00000
4269,1.00000
4273,1.00000
4272,1.00000
4271,1.00000
4270,1.00000
4274,1.00000
4275,1.00000
4276,1.00000
4277,1.00000
4278,1.00000
4280,1.00000
4279,1.00000
4281,1.00000
4282,1.00000
4283,1.00000
4284,1.00000
4285,1.00000
4286,1.00000
4287,1.00000
4288,1.00000
4289,1.00000
4290,1.00000
4291,1.00000
4292,1.00000
4293,1.00000
4294,1.00000
4295,1.00000
4296,1.00000
4299,1.00000
4298,1.00000
4297,1.00000
4300,1.00000
4301,1.00000
4302,1.00000
4303,1.00000
4304,1.00000
4305,1.00000
4306,1.00000
4307,1.00000
4308,1.00000
4309,1.00000
4310,1.00000
4311,1.00000
4312,1.00000
4313,1.00000
4314,1.00000
4317,1.00000
4316,1.00000
4315,1.00000
4318,1.00000
4319,1.00000
4320,1.00000
4321,1.00000
4322,1.00000
4323,1.00000
4324,1.00000
4326,1.00000
4325,1.00000
4327,1.00000
4328,1.00000
4329,1.00000
4330,1.00000
4331,1.00000
4332,1.00000
4333,1.00000
4334,1.00000
4335,1.00000
4336,1.00000
4337,1.00000
4338,1.00000
4339,1.00000
4340,1.00000
4341,1.00000
4342,1.00000
4343,1.00000
4344,1.00000
4345,1.00000
4346,1.00000
4347,1.00000
4348,1.00000
4349,1.00000
4351,1.00000
4350,1.00000
4352,1.00000
4353,1.00000
4354,1.00000
4355,1.00000
4356,1.00000
4357,1.00000
4358,1.00000
4359,1.00000
4360,1.00000
4361,1.00000
4362,1.00000
4363,1.00000
4364,1.00000
4365,1.00000
4367,1.00000
4366,1.00000
4368,1.00000
4369,1.00000
4370,1.00000
4371,1.00000
4372,1.00000
4373,1.00000
4374,1.00000
4375,1.00000
4377,1.00000
4378,1.00000
4376,1.00000
4379,1.00000
4380,1.00000
4381,1.00000
4382,1.00000
4383,1.00000
4384,1.00000
4385,1.00000
4388,1.00000
4386,1.00000
4387,1.00000
4389,1.00000
4390,1.00000
4391,1.00000
4392,1.00000
4393,1.00000
4394,1.00000
4395,1.00000
4396,1.00000
4397,1.00000
4398,1.00000
4399,1.00000
4400,1.00000
4401,1.00000
4402,1.00000
4404,1.00000
4403,1.00000
4405,1.00000
4406,1.00000
4407,1.00000
4408,1.00000
4409,1.00000
4410,1.00000
4411,1.00000
4412,1.00000
4413,1.00000
4414,1.00000
4415,1.00000
4416,1.00000
4417,1.00000
4418,1.00000
4421,1.00000
4420,1.00000
4419,1.00000
4422,1.00000
4423,1.00000
4424,1.00000
4425,1.00000
4426,1.00000
4427,1.00000
4428,1.00000
4429,1.00000
4430,1.00000
4431,1.00000
4432,1.00000
4433,1.00000
4434,1.00000
4435,1.00000
4436,1.00000
4437,1.00000
4438,1.00000
4440,1.00000
4439,1.00000
4441,1.00000
4442,1.00000
4443,1.00000
4444,1.00000
4445,1.00000
4446,1.00000
4447,1.00000
4448,1.00000
4449,1.00000
4450,1.00000
4451,1.00000
4452,1.00000
4453,1.00000
4454,1.00000
4455,1.00000
4456,1.00000
4457,1.00000
4458,1.00000
4459,1.00000
4460,1.00000
4461,1.00000
4462,1.00000
4463,1.00000
4464,1.00000
4465,1.00000
4466,1.00000
4467,1.00000
4468,1.00000
4469,1.00000
4470,1.00000
4471,1.00000
4472,1.00000
4473,1.00000
4474,1.00000
4475,1.00000
4476,1.00000
4477,1.00000
4478,1.00000
4479,1.00000
4480,1.00000
4481,1.00000
4482,1.00000
4485,1.00000
4483,1.00000
4484,1.00000
4486,1.00000
4487,1.00000
4488,1.00000
4489,1.00000
4490,1.00000
4491,1.00000
4492,1.00000
4493,1.00000
4494,1.00000
4495,1.00000
4496,1.00000
4497,1.00000
4498,1.00000
4499,1.00000
4500,1.00000
4502,1.00000
4501,1.00000
4503,1.00000
4504,1.00000
4505,1.00000
4506,1.00000
4507,1.00000
4508,1.00000
4510,1.00000
4509,1.00000
4511,1.00000
4512,1.00000
4513,1.00000
4514,1.00000
4515,1.00000
4516,1.00000
4517,1.00000
4518,1.00000
4519,1.00000
4520,1.00000
4521,1.00000
4522,1.00000
4523,1.00000
4524,1.00000
4525,1.00000
4527,1.00000
4526,1.00000
4528,1.00000
4529,1.00000
4530,1.00000
4531,1.00000
4532,1.00000
4533,1.00000
4534,1.00000
4535,1.00000
4536,1.00000
4537,1.00000
4538,1.00000
4539,1.00000
4540,1.00000
4542,1.00000
4541,1.00000
4543,1.00000
4545,1.00000
4544,1.00000
4546,1.00000
4547,1.00000
4548,1.00000
4549,1.00000
4550,1.00000
4551,1.00000
4552,1.00000
4553,1.00000
4554,1.00000
4555,1.00000
4556,1.00000
4557,1.00000
4558,1.00000
4559,1.00000
4561,1.00000
4560,1.00000
4565,1.00000
4564,1.00000
4562,1.00000
4563,1.00000
4566,1.00000
4567,1.00000
4568,1.00000
4569,1.00000
4570,1.00000
4571,1.00000
4572,1.00000
4573,1.00000
4574,1.00000
4575,1.00000
4576,1.00000
4577,1.00000
4578,1.00000
4579,1.00000
4580,1.00000
4581,1.00000
4582,1.00000
4583,1.00000
4584,1.00000
4586,1.00000
4587,1.00000
4585,1.00000
4588,1.00000
4589,1.00000
4590,1.00000
4591,1.00000
4592,1.00000
4593,1.00000
4594,1.00000
4595,1.00000
4596,1.00000
4597,1.00000
4598,1.00000
4599,1.00000
4600,1.00000
4601,1.00000
4603,1.00000
4602,1.00000
4604,1.00000
4605,1.00000
4606,1.00000
4607,1.00000
4608,1.00000
4611,1.00000
4609,1.00000
4610,1.00000
4612,1.00000
4613,1.00000
4614,1.00000
4615,1.00000
4616,1.00000
4617,1.00000
4618,1.00000
4619,1.00000
4620,1.00000
4621,1.00000
4622,1.00000
4623,1.00000
4624,1.00000
4625,1.00000
4626,1.00000
4627,1.00000
4628,1.00000
4629,1.00000
4630,1.00000
4631,1.00000
4632,1.00000
4633,1.00000
4634,1.00000
4635,1.00000
4636,1.00000
4637,1.00000
4638,1.00000
4639,1.00000
4640,1.00000
4641,1.00000
4642,1.00000
4643,1.00000
4644,1.00000
4645,1.00000
4646,1.00000
4647,1.00000
4648,1.00000
4649,1.00000
4650,1.00000
4651,1.00000
4652,1.00000
4653,1.00000
4654,1.00000
4655,1.00000
4656,1.00000
4657,1.00000
4658,1.00000
4659,1.00000
4660,1.00000
4661,1.00000
4662,1.00000
4663,1.00000
4664,1.00000
4665,1.00000
4666,1.00000
4667,1.00000
4668,1.00000
4669,1.00000
4670,1.00000
4671,1.00000
4672,1.00000
4673,1.00000
4674,1.00000
4677,1.00000
4675,1.00000
4676,1.00000
4678,1.00000
4679,1.00000
4680,1.00000
4681,1.00000
4682,1.00000
4683,1.00000
4684,1.00000
4685,1.00000
4686,1.00000
4687,1.00000
4688,1.00000
4689,1.00000
4690,1.00000
4691,1.00000
4692,1.00000
4693,1.00000
4694,1.00000
4695,1.00000
4696,1.00000
4697,1.00000
4698,1.00000
4699,1.00000
4700,1.00000
4702,1.00000
4701,1.00000
4703,1.00000
4704,1.00000
4705,1.00000
4706,1.00000
4707,1.00000
4708,1.00000
4709,1.00000
4710,1.00000
4711,1.00000
4712,1.00000
4713,1.00000
4714,1.00000
4715,1.00000
4716,1.00000
4719,1.00000
4720,1.00000
4717,1.00000
4718,1.00000
4721,1.00000
4722,1.00000
4723,1.00000
4724,1.00000
4725,1.00000
4726,1.00000
4727,1.00000
4728,1.00000
4729,1.00000
4730,1.00000
4731,1.00000
4732,1.00000
4733,1.00000
4734,1.00000
4735,1.00000
4736,1.00000
4737,1.00000
4739,1.00000
4738,1.00000
4740,1.00000
4741,1.00000
4742,1.00000
4743,1.00000
4744,1.00000
4745,1.00000
4746,1.00000
4747,1.00000
4748,1.00000
4749,1.00000
4750,1.00000
4751,1.00000
4752,1.00000
4753,1.00000
4754,1.00000
4755,1.00000
4757,1.00000
4756,1.00000
4758,1.00000
4759,1.00000
4760,1.00000
4761,1.00000
4762,1.00000
4763,1.00000
4764,1.00000
4765,1.00000
4766,1.00000
4767,1.00000
4768,1.00000
4769,1.00000
4770,1.00000
4771,1.00000
4775,1.00000
4774,1.00000
4772,1.00000
4773,1.00000
4776,1.00000
4777,1.00000
4778,1.00000
4779,1.00000
4780,1.00000
4781,1.00000
4782,1.00000
4783,1.00000
4784,1.00000
4785,1.00000
4786,1.00000
4787,1.00000
4788,1.00000
4791,1.00000
4792,1.00000
4789,1.00000
4790,1.00000
4793,1.00000
4794,1.00000
4795,1.00000
4796,1.00000
4797,1.00000
4798,1.00000
4799,1.00000
4800,1.00000
4801,1.00000
4802,1.00000
4803,1.00000
4804,1.00000
4805,1.00000
4806,1.00000
4807,1.00000
4808,1.00000
4809,1.00000
4810,1.00000
4811,1.00000
4812,1.00000
4813,1.00000
4814,1.00000
4815,1.00000
4816,1.00000
4817,1.00000
4818,1.00000
4819,1.00000
4820,1.00000
4821,1.00000
4822,1.00000
4823,1.00000
4824,1.00000
4825,1.00000
4826,1.00000
4829,1.00000
4828,1.00000
4827,1.00000
4830,1.00000
4831,1.00000
4832,1.00000
4833,1.00000
4834,1.00000
4835,1.00000
4836,1.00000
4838,1.00000
4837,1.00000
4839,1.00000
4840,1.00000
4841,1.00000
4842,1.00000
4843,1.00000
4844,1.00000
4845,1.00000
4846,1.00000
4847,1.00000
4848,1.00000
4849,1.00000
4850,1.00000
4851,1.00000
4852,1.00000
4853,1.00000
4854,1.00000
4855,1.00000
4856,1.00000
4857,1.00000
4858,1.00000
4859,1.00000
4860,1.00000
4861,1.00000
4862,1.00000
4865,1.00000
4864,1.00000
4863,1.00000
4866,1.00000
4867,1.00000
4868,1.00000
4869,1.00000
4870,1.00000
4871,1.00000
4873,1.00000
4872,1.00000
4874,1.00000
4875,1.00000
4876,1.00000
4877,1.00000
4878,1.00000
4879,1.00000
4880,1.00000
4881,1.00000
4882,1.00000
4883,1.00000
4884,1.00000
4885,1.00000
4886,1.00000
4887,1.00000
4888,1.00000
4889,1.00000
4890,1.00000
4891,1.00000
4892,1.00000
4893,1.00000
4894,1.00000
4895,1.00000
4896,1.00000
4897,1.00000
4899,1.00000
4898,1.00000
4900,1.00000
4901,1.00000
4902,1.00000
4903,1.00000
4904,1.00000
4905,1.00000
4906,1.00000
4907,1.00000
4908,1.00000
4909,1.00000
4910,1.00000
4911,1.00000
4912,1.00000
4913,1.00000
4914,1.00000
4915,1.00000
4916,1.00000
4917,1.00000
4918,1.00000
4919,1.00000
4920,1.00000
4921,1.00000
4922,1.00000
4923,1.00000
4924,1.00000
4925,1.00000
4927,1.00000
4926,1.00000
4928,1.00000
4929,1.00000
4930,1.00000
4931,1.00000
4932,1.00000
4933,1.00000
4934,1.00000
4935,1.00000
4936,1.00000
4937,1.00000
4938,1.00000
4939,1.00000
4940,1.00000
4941,1.00000
4942,1.00000
4943,1.00000
4944,1.00000
4945,1.00000
4946,1.00000
4947,1.00000
4948,1.00000
4949,1.00000
4950,1.00000
4951,1.00000
4953,1.00000
4952,1.00000
4954,1.00000
4955,1.00000
4956,1.00000
4957,1.00000
4958,1.00000
4959,1.00000
4960,1.00000
4963,1.00000
4961,1.00000
4962,1.00000
4964,1.00000
4965,1.00000
4966,1.00000
4967,1.00000
4968,1.00000
4969,1.00000
4970,1.00000
4971,1.00000
4972,1.00000
4973,1.00000
4974,1.00000
4975,1.00000
4977,1.00000
4976,1.00000
4978,1.00000
4980,1.00000
4979,1.00000
4981,1.00000
4982,1.00000
4983,1.00000
4984,1.00000
4985,1.00000
4986,1.00000
4987,1.00000
4988,1.00000
4989,1.00000
4990,1.00000
4991,1.00000
4992,1.00000
4993,1.00000
4994,1.00000
4995,1.00000
4996,1.00000
4997,1.00000
4998,1.00000
